paragraph_id,proposition_id,quad_index,triple_similarity,qa_similarity,n_relationships
1183,18503,1,1.0,0.237906,1
1183,18506,1,0.708185,0.626747,1
1183,18510,1,0.980925,0.643481,1
1183,18511,1,0.955586,0.757459,1
1183,18514,1,0.913631,0.92813,1
1184,18520,1,0.985811,0.847907,1
1185,18532,1,0.907236,0.84253,1
1185,18535,1,0.648958,0.907465,1
1185,18534,1,1.0,0.886239,1
1186,18538,1,0.96243,0.67122,1
1186,18542,1,1.0,0.851774,1
1186,18544,1,0.700531,0.593316,1
1186,18546,1,1.0,0.867684,1
1186,18548,1,1.0,0.737954,1
1187,18551,1,1.0,0.849765,1
1187,18550,1,1.0,0.88387,1
1186,18549,1,0.958246,0.889762,1
1187,18554,1,1.0,0.884713,1
1187,18557,1,0.996872,0.671939,1
1187,18558,1,0.815736,0.625589,1
1188,18563,1,1.0,0.955474,1
1189,18574,1,1.0,0.792921,1
1190,18585,1,0.899162,0.748136,1
1190,18586,1,1.0,0.941705,1
1190,18587,1,0.899228,0.793752,1
1190,18593,1,1.0,0.987833,1
1190,18594,1,1.0,1.0,1
1191,18602,1,0.805973,0.723242,1
1190,18600,1,1.0,0.667975,1
1191,18603,1,0.893768,0.769176,1
1192,18617,1,1.0,0.837038,1
1192,18616,1,0.96358,0.910609,1
1192,18620,1,0.909669,0.735405,1
1192,18618,1,1.0,0.728288,1
1193,18624,1,1.0,0.848132,1
1193,18625,1,1.0,0.918289,1
1193,18631,1,0.932258,0.934885,1
1194,18640,1,0.870066,0.915118,1
1194,18641,1,0.851869,0.71437,1
1194,18642,1,0.995085,0.533777,1
1194,18643,1,1.0,0.662525,1
1195,18656,1,1.0,0.628232,1
1195,18659,1,0.894636,0.821611,1
1195,18663,1,1.0,0.888988,1
1196,18669,1,0.91617,0.855393,1
1196,18674,1,1.0,0.897507,1
1196,18676,1,1.0,0.744178,1
1196,18679,1,0.782744,0.688222,1
1197,18682,1,0.972988,0.501754,1
1197,18688,1,1.0,0.875616,1
1198,18694,1,1.0,0.728261,1
1198,18695,1,1.0,0.636327,1
1198,18696,1,0.942559,0.793371,1
1198,18699,1,0.816901,0.785499,1
1199,18703,1,0.955235,0.685469,1
1199,18701,1,0.951092,0.697736,1
1199,18711,1,0.874297,0.581994,1
1200,18713,1,1.0,0.967138,1
1200,18715,1,0.937031,0.792838,1
1201,18726,1,1.0,0.93096,1
1201,18731,1,0.739186,0.641755,1
1201,18732,1,0.800253,0.829666,1
1201,18736,1,1.0,0.957903,1
1201,18738,1,0.87584,0.835545,1
1202,18739,1,1.0,0.702267,1
1202,18741,1,1.0,0.8713,1
1203,18745,1,0.988429,0.947603,1
1203,18746,1,0.944183,0.370479,1
1203,18752,1,0.982807,0.94923,1
1203,18756,1,1.0,0.960266,1
1204,18758,1,1.0,0.711958,1
1203,18753,1,1.0,0.971282,1
1204,18760,1,0.79306,0.682251,1
1205,18764,1,1.0,0.725786,1
1205,18769,1,0.855674,0.680018,1
1205,18770,1,0.929063,0.777265,1
1206,18781,1,0.926499,0.567778,1
1206,18786,1,0.92521,0.468416,1
1206,18785,1,1.0,0.90542,1
1206,18789,1,0.950794,0.773579,1
1206,18791,1,1.0,0.744999,1
1207,18799,1,0.953869,0.949287,1
1206,18798,1,0.93676,0.608421,1
1207,18804,1,1.0,0.794393,1
1207,18808,1,0.827175,0.884356,1
1207,18811,1,0.582567,0.777232,1
1208,18814,1,0.991314,0.947081,1
1208,18816,1,0.967364,0.885911,1
1208,18819,1,0.65325,0.50623,1
1208,18820,1,0.804429,0.681606,1
1208,18821,1,0.856496,0.950323,1
1208,18822,1,0.905526,0.851237,1
1209,18836,1,0.943827,0.84195,1
1210,18847,1,0.95139,0.643118,1
1210,18848,1,0.996404,0.768534,1
1211,18857,1,0.87996,0.655247,1
1211,18859,1,0.841518,0.736612,1
1211,18865,1,0.73531,0.953791,1
1211,18867,1,0.741215,0.598879,1
1212,18870,1,1.0,0.585321,1
1212,18871,1,1.0,0.780924,1
1212,18872,1,1.0,0.812634,1
1212,18875,1,1.0,0.920124,1
1212,18887,1,0.903387,0.735755,1
1213,18889,1,0.998913,0.895284,1
1213,18892,1,0.992471,0.84064,1
1213,18894,1,0.518365,0.535858,1
1213,18900,1,1.0,0.874055,1
1213,18896,1,0.992687,0.979858,1
1214,18901,1,1.0,0.733471,1
1214,18904,1,0.959833,0.864774,1
1215,18910,1,0.967942,0.805721,1
1215,18915,1,0.930782,0.534772,1
1215,18917,1,0.890807,0.750992,1
1216,18923,1,0.99044,0.876195,1
1216,18928,1,0.872172,0.581634,1
1216,18927,1,0.979801,0.723945,1
1216,18929,1,0.755327,0.726541,1
1217,18935,1,0.985655,0.596872,1
1217,18936,1,1.0,0.76162,1
1217,18940,1,1.0,0.856418,1
1217,18944,1,1.0,0.907279,1
1217,18943,1,1.0,0.981729,1
1218,18946,1,1.0,0.774928,1
1218,18950,1,1.0,0.681484,1
1219,18960,1,1.0,0.862421,1
1220,18965,1,0.874255,0.8491,1
1220,18968,1,0.957066,0.853962,1
1220,18971,1,0.951399,0.63705,1
1220,18974,1,0.962868,0.474051,1
1220,18976,1,0.916357,0.707969,1
1221,18978,1,0.949804,0.886038,1
1221,18977,1,0.97555,0.822089,1
1221,18984,1,1.0,0.803192,1
1221,18988,1,1.0,0.775053,1
1223,19003,1,0.698018,0.199883,1
1223,19005,1,1.0,0.904533,1
1223,19011,1,0.802849,0.511338,1
1223,19013,1,0.46057,0.513807,1
1223,19016,1,0.663772,0.554119,1
1224,19018,1,1.0,0.68546,1
1224,19019,1,0.966318,0.807861,1
1224,19021,1,0.997393,0.674459,1
1225,19027,1,1.0,0.848469,1
1225,19029,1,0.875617,0.818988,1
1225,19042,1,0.996728,0.979584,1
1225,19043,1,0.93534,0.763771,1
1226,19051,1,0.839032,0.602877,1
1227,19058,1,1.0,0.834653,1
1227,19059,1,0.976691,0.927532,1
1227,19060,1,1.0,0.607548,1
1227,19055,1,0.947351,0.280157,1
1227,19065,1,0.935792,0.942018,1
1227,19063,1,1.0,0.923524,1
1227,19067,1,0.917488,0.912272,1
1228,19073,1,1.0,0.709834,1
1228,19074,1,0.56091,0.692508,1
1228,19075,1,0.954203,0.791027,1
1229,19089,1,0.9963,0.922916,1
1229,19090,1,0.978871,0.857646,1
1229,19093,1,0.989964,0.846734,1
1229,19097,1,1.0,0.975454,1
1229,19108,1,0.877249,0.709608,1
1229,19110,1,0.886978,0.882569,1
1229,19111,1,0.829887,0.892921,1
1230,19114,1,0.795898,0.577962,1
1230,19116,1,0.856698,0.785082,1
1230,19121,1,1.0,0.43705,1
1230,19120,1,0.926573,0.739754,1
1230,19131,1,0.825064,0.651355,1
1231,19134,1,0.93231,0.637483,1
1231,19139,1,1.0,0.822463,1
1231,19142,1,1.0,0.575101,1
1232,19145,1,1.0,0.981244,1
1232,19148,1,0.995419,0.716227,1
1233,19160,1,1.0,0.855178,1
1232,19159,1,0.98821,0.738335,1
1233,19162,1,0.983112,0.827126,1
1233,19163,1,0.902416,0.104794,1
1233,19161,1,0.996316,0.870032,1
1233,19166,1,0.902818,0.779843,1
1233,19168,1,0.506637,0.496979,1
1233,19167,1,0.98321,0.922663,1
1234,19171,1,0.969759,0.754298,1
1234,19174,1,1.0,0.944526,1
1234,19178,1,0.785243,0.712527,1
1235,19185,1,1.0,0.957443,1
1235,19186,1,0.963253,0.346082,1
1235,19187,1,1.0,0.913063,1
1235,19188,1,0.70689,0.717515,1
1235,19195,1,1.0,0.902269,1
1235,19194,1,1.0,0.880804,1
1235,19197,1,1.0,0.756002,1
1235,19198,1,1.0,0.880656,1
1236,19205,1,0.952829,0.733402,1
1236,19209,1,0.975829,0.300651,1
1237,19222,1,0.947909,0.920963,1
1237,19223,1,0.803873,0.81684,1
1237,19224,1,1.0,0.950418,1
1237,19225,1,0.997542,0.946852,1
1237,19226,1,1.0,0.938809,1
1238,19228,1,0.988262,0.881142,1
1238,19230,1,0.998121,0.917185,1
1238,19233,1,1.0,0.879014,1
1238,19236,1,1.0,0.931679,1
1238,19237,1,0.829515,0.968412,1
1239,19241,1,0.953419,0.555095,1
1239,19242,1,0.842516,0.711257,1
1239,19244,1,0.931779,0.806844,1
1239,19251,1,0.980142,0.809953,1
1240,19261,1,1.0,0.895554,1
1241,19279,1,0.936625,0.902469,1
1241,19278,1,0.957147,0.786479,1
1241,19281,1,0.96853,0.955982,1
1241,19280,1,0.956836,0.930067,1
1241,19286,1,0.882817,0.891001,1
1241,19292,1,0.902141,0.717116,1
1241,19297,1,0.816904,0.74577,1
1242,19300,1,1.0,0.87739,1
1242,19302,1,0.774489,0.732708,1
1242,19301,1,1.0,0.840873,1
1243,19308,1,0.774521,0.732182,1
1243,19309,1,0.993182,0.840208,1
1243,19310,1,0.916298,0.929838,1
1244,19316,1,1.0,0.928328,1
1244,19319,1,0.90229,0.796994,1
1244,19318,1,1.0,0.919152,1
1244,19321,1,0.953119,0.291042,1
1245,19332,1,0.877793,0.832249,1
1246,19344,1,0.996383,0.968076,1
1246,19349,1,0.7849,0.66215,1
1246,19351,1,0.590235,0.488711,1
1247,19352,1,0.954447,0.846469,1
1247,19353,1,0.892888,0.703418,1
1247,19364,1,0.966443,0.850125,1
1248,19368,1,1.0,0.86167,1
1248,19367,1,0.940621,0.824374,1
1248,19371,1,0.995827,0.799966,1
1248,19375,1,0.934399,0.904826,1
1248,19376,1,0.663442,0.869757,1
1249,19379,1,0.674638,0.916737,1
1249,19377,1,0.994374,0.654656,1
1249,19381,1,1.0,0.874588,1
1249,19382,1,1.0,0.694967,1
1249,19383,1,0.879031,0.395032,1
1249,19385,1,1.0,0.915305,1
1250,19386,1,0.964812,0.872816,1
1250,19391,1,1.0,0.647991,1
1250,19392,1,0.992828,0.833755,1
1250,19393,1,0.814093,0.776295,1
1250,19396,1,0.832355,0.876316,1
1251,19398,1,0.978595,0.886644,1
1251,19402,1,0.598976,0.391345,1
1251,19406,1,1.0,0.791112,1
1251,19407,1,0.509863,0.485103,1
1252,19411,1,0.891371,0.797122,1
1252,19412,1,1.0,0.815102,1
1252,19417,1,0.964011,0.902567,1
1252,19418,1,0.971694,0.888182,1
1252,19419,1,1.0,0.810368,1
1253,19424,1,1.0,0.943217,1
1252,19423,1,1.0,0.965515,1
1253,19426,1,1.0,0.920829,1
1253,19429,1,1.0,0.727291,1
1253,19433,1,1.0,0.737531,1
1253,19434,1,0.996251,0.692566,1
1253,19435,1,1.0,0.900912,1
1253,19438,1,1.0,0.935577,1
1254,19442,1,0.33948,0.856389,1
1254,19448,1,0.991837,0.957028,1
1255,19449,1,1.0,0.879503,1
1256,19465,1,1.0,0.811465,1
1256,19484,1,0.961783,0.878122,1
1257,19501,1,1.0,0.853663,1
1257,19503,1,0.976846,0.659019,1
1257,19507,1,1.0,0.895438,1
1257,19505,1,0.985504,0.741489,1
1257,19504,1,0.971711,0.556028,1
1257,19513,1,0.853244,0.682985,1
1258,19522,1,1.0,0.902905,1
1258,19535,1,0.869171,0.715644,1
1259,19538,1,0.898863,0.766357,1
1259,19539,1,0.959017,0.887295,1
1259,19540,1,1.0,0.622782,1
1259,19548,1,0.843065,0.814626,1
1260,19557,1,0.988496,0.74835,1
1261,19569,1,1.0,0.851936,1
1261,19580,1,0.890588,0.887917,1
1262,19586,1,0.704304,0.728153,1
1262,19587,1,0.871731,0.798403,1
1262,19589,1,1.0,0.420336,1
1262,19594,1,0.829756,0.698583,1
1262,19593,1,0.952709,0.905229,1
1262,19599,1,0.878876,0.743128,1
1263,19603,1,0.875364,0.749224,1
1263,19604,1,0.991507,0.902712,1
1263,19606,1,0.968421,0.695999,1
1263,19611,1,0.735508,0.751296,1
1263,19615,1,0.954151,0.865775,1
1263,19617,1,1.0,0.952684,1
1264,19619,1,0.848753,0.80889,1
1264,19624,1,0.716989,0.598122,1
1264,19626,1,1.0,0.842739,1
1264,19627,1,0.94238,0.684613,1
1264,19628,1,0.907053,0.762991,1
1264,19625,1,0.757929,0.813256,1
1265,19636,1,1.0,0.857274,1
1265,19641,1,0.919191,0.929154,1
1265,19646,1,0.828996,0.861833,1
1265,19647,1,0.841609,0.864812,1
1266,19650,1,1.0,0.861375,1
1266,19651,1,0.917403,0.719023,1
1266,19654,1,1.0,0.574976,1
1266,19656,1,1.0,0.725558,1
1266,19661,1,0.813666,0.4492,1
1267,19665,1,0.96732,0.824491,1
1267,19664,1,0.967909,0.90595,1
1267,19666,1,1.0,0.833203,1
1267,19667,1,0.957062,0.905902,1
1267,19668,1,1.0,0.88911,1
1267,19680,1,1.0,0.689678,1
1267,19681,1,1.0,0.864411,1
1268,19694,1,1.0,0.703878,1
1268,19695,1,0.993874,0.870588,1
1268,19696,1,0.992934,0.882071,1
1268,19697,1,0.910952,0.827065,1
1268,19698,1,0.242645,0.223989,1
1268,19699,1,0.940501,0.838857,1
1268,19700,1,1.0,0.964341,1
1268,19701,1,1.0,0.837532,1
1268,19702,1,1.0,0.847441,1
1268,19704,1,0.893883,0.905584,1
1268,19703,1,0.997283,0.557909,1
1268,19706,1,0.853755,0.899111,1
1268,19705,1,0.875997,0.9072,1
1268,19709,1,0.974804,0.93872,1
1268,19711,1,0.988853,0.624724,1
1268,19710,1,1.0,0.889335,1
1268,19713,1,0.914977,0.717664,1
1269,19716,1,0.945431,0.829343,1
1269,19717,1,1.0,0.786026,1
1269,19720,1,0.938853,0.946189,1
1269,19723,1,0.869939,0.973509,1
1271,19736,1,1.0,0.699131,1
1271,19741,1,0.794098,0.717719,1
1271,19742,1,0.994671,0.964502,1
1271,19746,1,1.0,0.873723,1
1271,19747,1,1.0,0.932388,1
1271,19748,1,1.0,0.836698,1
1272,19750,1,1.0,0.941807,1
1272,19757,1,0.845776,0.764281,1
1272,19758,1,0.994635,0.698918,1
1272,19759,1,1.0,0.77299,1
1272,19761,1,1.0,0.71254,1
1272,19765,1,0.965636,0.772487,1
1273,19775,1,0.882097,0.725218,1
1273,19776,1,1.0,0.868315,1
1273,19789,1,1.0,0.846303,1
1273,19790,1,1.0,0.91252,1
1274,19793,1,0.78147,0.741343,1
1274,19792,1,1.0,0.886188,1
1274,19795,1,0.980357,0.850764,1
1274,19791,1,0.94957,0.900617,1
1274,19796,1,1.0,0.77764,1
1274,19797,1,1.0,0.887316,1
1275,19808,1,0.927663,0.82601,1
1275,19809,1,0.969844,0.849121,1
1276,19813,1,1.0,0.781475,1
1276,19814,1,0.986339,0.904882,1
1276,19818,1,0.983906,0.200856,1
1277,19820,1,0.639034,0.606119,1
1277,19821,1,0.995876,0.836861,1
1277,19823,1,1.0,0.91443,1
1278,19830,1,0.557088,0.370633,1
1278,19832,1,0.895894,0.891209,1
1279,19841,1,0.96616,0.909934,1
1279,19844,1,1.0,0.725889,1
1279,19845,1,1.0,0.790746,1
1279,19846,1,1.0,0.855148,1
1279,19848,1,0.994205,0.963756,1
1279,19849,1,1.0,0.622949,1
1279,19851,1,1.0,0.941922,1
1279,19854,1,1.0,0.891224,1
1280,19855,1,1.0,0.811617,1
1280,19856,1,0.951397,0.786935,1
1281,19864,1,0.992021,0.627509,1
1281,19865,1,1.0,0.331536,1
1281,19874,1,0.333182,0.450638,1
1281,19876,1,1.0,0.865793,1
1281,19879,1,1.0,0.353917,1
1282,19881,1,1.0,0.961596,1
1282,19885,1,1.0,0.895911,1
1282,19888,1,0.482435,0.93992,1
1282,19889,1,0.997547,0.988347,1
1283,19898,1,1.0,0.90992,1
1283,19903,1,0.994022,0.862247,1
1284,19908,1,1.0,0.884532,1
1284,19909,1,1.0,0.92657,1
1284,19915,1,0.798694,0.679668,1
1284,19917,1,0.863116,0.780285,1
1284,19918,1,0.726177,0.561112,1
1284,19920,1,1.0,0.369685,1
1284,19922,1,0.757252,0.610879,1
1285,19926,1,1.0,0.911658,1
1284,19919,1,0.993142,0.836298,1
1285,19928,1,0.807213,0.91209,1
1285,19931,1,1.0,0.958256,1
1286,19937,1,0.974818,0.895755,1
1286,19939,1,1.0,0.94309,1
1286,19945,1,0.99058,0.954273,1
1286,19946,1,0.986448,0.944148,1
1287,19947,1,1.0,0.922533,1
1287,19951,1,0.986584,0.933394,1
1287,19955,1,0.953199,0.880002,1
1287,19956,1,0.990623,0.955058,1
1287,19957,1,0.967509,0.91973,1
1287,19958,1,0.990868,0.96858,1
1287,19960,1,0.909129,0.925653,1
1287,19961,1,0.942249,0.902206,1
1287,19963,1,0.973482,0.924284,1
1288,19969,1,1.0,0.512995,1
1288,19972,1,0.726561,0.675899,1
1288,19973,1,0.781045,0.768209,1
1289,19974,1,0.994561,0.784282,1
1289,19983,1,0.943157,0.852662,1
1289,19986,1,0.888416,0.839473,1
1290,19993,1,0.996111,0.443858,1
1290,19992,1,0.993296,0.483412,1
1290,19991,1,1.0,0.833944,1
1290,19990,1,1.0,0.833624,1
1290,19998,1,0.920889,0.89493,1
1290,20004,1,0.906197,0.481666,1
1290,20003,1,0.834522,0.391911,1
1290,20005,1,1.0,0.350862,1
1290,20010,1,1.0,0.960152,1
1291,20012,1,1.0,0.702479,1
1291,20014,1,0.993727,0.838601,1
1291,20020,1,0.868007,0.719529,1
1291,20021,1,0.904044,0.755185,1
1291,20022,1,0.862969,0.792975,1
1291,20023,1,0.859024,0.797182,1
1292,20027,1,0.847584,0.899314,1
1292,20030,1,0.997149,0.824688,1
1275,19802,1,1.0,,1
1293,20037,1,1.0,0.803174,1
1293,20038,1,0.730829,0.701537,1
1293,20040,1,0.997133,0.678478,1
1293,20039,1,1.0,0.848537,1
1293,20042,1,0.98006,0.884932,1
1293,20045,1,0.962804,0.842469,1
1293,20043,1,0.995814,0.611922,1
1293,20047,1,1.0,0.908378,1
1293,20052,1,1.0,0.873444,1
1293,20048,1,1.0,0.736111,1
1294,20055,1,0.962344,0.887277,1
1294,20054,1,0.991568,0.885867,1
1294,20059,1,1.0,0.852201,1
1294,20060,1,1.0,0.798369,1
1294,20057,1,1.0,0.895317,1
1295,20077,1,1.0,0.879471,1
1295,20076,1,1.0,0.889203,1
1295,20081,1,0.998466,0.878682,1
1297,20108,1,1.0,0.709537,1
1297,20113,1,0.994372,0.712192,1
1297,20114,1,0.997253,0.695627,1
1298,20123,1,1.0,0.94483,1
1298,20125,1,0.949853,0.903366,1
1298,20126,1,0.674353,0.624905,1
1298,20127,1,0.967852,0.619642,1
1298,20124,1,0.975711,0.897974,1
1298,20131,1,0.790306,0.762361,1
1298,20128,1,0.972951,0.854609,1
1298,20130,1,1.0,0.838517,1
1298,20132,1,0.771567,0.790589,1
1298,20137,1,0.949911,0.678307,1
1298,20133,1,0.822554,0.804894,1
1299,20141,1,0.818832,0.762701,1
1299,20140,1,1.0,0.718409,1
1299,20142,1,0.852116,0.589998,1
1299,20148,1,0.971521,0.952609,1
1299,20152,1,0.920559,0.907205,1
1299,20145,1,0.984145,0.627822,1
1299,20153,1,0.926788,0.907525,1
1299,20158,1,0.909538,0.811825,1
1300,20162,1,0.935478,0.704009,1
1299,20160,1,0.939255,0.853001,1
1300,20166,1,1.0,0.658747,1
1301,20174,1,0.702367,0.617718,1
1302,20188,1,0.861642,0.894055,1
1302,20198,1,0.726883,0.865028,1
1302,20200,1,0.773557,0.669392,1
1303,20202,1,1.0,0.836575,1
1303,20203,1,1.0,0.907781,1
1303,20210,1,0.965996,0.862937,1
1304,20215,1,0.995479,0.634683,1
1304,20217,1,0.891087,0.650176,1
1304,20218,1,0.919168,0.893026,1
1304,20220,1,0.651552,0.461598,1
1305,20226,1,0.605339,0.579182,1
1305,20225,1,0.890898,0.818478,1
1305,20227,1,0.991253,0.881791,1
1305,20229,1,0.939865,0.86141,1
1305,20230,1,0.993191,0.591994,1
1305,20232,1,0.997347,0.808112,1
1305,20231,1,1.0,0.68617,1
1305,20233,1,0.942182,0.753345,1
1305,20234,1,0.875237,0.815755,1
1305,20235,1,1.0,0.814783,1
1305,20236,1,1.0,0.755076,1
1305,20238,1,1.0,0.862348,1
1305,20237,1,1.0,0.860853,1
1306,20256,1,0.642057,0.356663,1
1306,20257,1,0.597508,0.28602,1
1306,20260,1,0.86698,0.798715,1
1307,20263,1,0.953261,0.911023,1
1307,20268,1,0.96301,0.753075,1
1307,20271,1,0.986857,0.836515,1
1308,20279,1,1.0,0.948042,1
1307,20278,1,0.945083,0.927153,1
1308,20281,1,0.988675,0.582215,1
1308,20283,1,1.0,0.745668,1
1309,20297,1,0.930821,0.841522,1
1310,20302,1,1.0,0.876829,1
1310,20307,1,0.805078,0.82695,1
1310,20310,1,0.695003,0.681773,1
1311,20313,1,0.98029,0.544243,1
1311,20314,1,0.965989,0.93024,1
1311,20316,1,0.959242,0.813045,1
1311,20319,1,1.0,0.435552,1
1312,20325,1,1.0,0.51521,1
1313,20338,1,0.717241,0.390184,1
1314,20348,1,0.996758,0.64253,1
1314,20352,1,0.795033,0.689976,1
1315,20358,1,0.807925,0.782362,1
1315,20361,1,0.9644,0.87686,1
1316,20372,1,1.0,0.816932,1
1316,20378,1,0.948486,0.944669,1
1316,20379,1,0.86701,0.855869,1
1317,20385,1,1.0,0.936402,1
1317,20386,1,0.890276,0.744139,1
1317,20389,1,0.893227,0.5658,1
1317,20390,1,1.0,0.869606,1
1317,20394,1,0.891657,0.528985,1
1317,20395,1,0.919996,0.766753,1
1317,20396,1,0.928234,0.897635,1
1319,20416,1,0.584727,0.336345,1
1319,20418,1,0.810276,0.905488,1
1319,20425,1,0.978196,0.970049,1
1320,20434,1,0.752376,0.597507,1
1320,20435,1,0.991787,0.671701,1
1320,20436,1,0.987671,0.728177,1
1320,20440,1,1.0,0.893474,1
1320,20437,1,0.940761,0.794135,1
1320,20441,1,1.0,0.886861,1
1320,20445,1,1.0,0.922376,1
1321,20449,1,1.0,0.950029,1
1321,20450,1,1.0,0.930081,1
1321,20452,1,0.901875,0.931925,1
1321,20455,1,0.805819,0.425484,1
1321,20458,1,0.775578,0.730936,1
1321,20457,1,0.986206,0.927806,1
1321,20460,1,1.0,0.969272,1
1321,20464,1,0.825365,0.728046,1
1321,20463,1,0.875464,0.825523,1
1321,20466,1,0.91944,0.807682,1
1321,20465,1,0.920434,0.823092,1
1322,20470,1,0.893224,0.781231,1
1322,20472,1,1.0,0.868297,1
1322,20474,1,0.993394,0.178637,1
1322,20477,1,0.730869,0.730116,1
1322,20473,1,1.0,0.652099,1
1323,20482,1,1.0,0.385827,1
1324,20502,1,0.965474,0.900455,1
1325,20508,1,0.97142,0.903424,1
1325,20513,1,0.981558,0.968538,1
1325,20514,1,0.998869,0.945792,1
1326,20518,1,0.983393,0.881468,1
1326,20519,1,0.983873,0.915581,1
1326,20520,1,0.968456,0.694774,1
1326,20521,1,0.961538,0.801002,1
1326,20530,1,0.800583,0.894786,1
1326,20529,1,0.908797,0.938026,1
1327,20534,1,0.881263,0.299016,1
1327,20538,1,1.0,0.971858,1
1327,20547,1,0.783963,0.585666,1
1328,20551,1,0.958365,0.87274,1
1328,20554,1,1.0,0.559931,1
1328,20553,1,0.99797,0.828882,1
1329,20561,1,0.979441,0.724381,1
1329,20562,1,0.642542,0.898994,1
1329,20571,1,0.927455,0.774039,1
1329,20570,1,0.657913,0.638475,1
1329,20569,1,0.937797,0.722161,1
1330,20576,1,0.526507,0.458286,1
1330,20575,1,0.938109,0.735884,1
1330,20580,1,1.0,0.86164,1
1330,20578,1,0.99166,0.858769,1
1331,20589,1,0.938628,0.866381,1
1331,20595,1,0.867984,0.811452,1
1331,20596,1,0.65347,0.663372,1
1331,20598,1,0.947283,0.756507,1
1331,20597,1,0.97468,0.945205,1
1332,20601,1,0.984235,0.738939,1
1332,20602,1,1.0,0.789182,1
1333,20617,1,1.0,0.86156,1
1333,20618,1,0.911315,0.817034,1
1333,20620,1,0.980764,0.912649,1
1333,20619,1,0.981758,0.860172,1
1333,20624,1,0.864022,0.710671,1
1333,20630,1,0.912463,0.842456,1
1333,20631,1,0.920524,0.662816,1
1333,20632,1,0.997035,0.918648,1
1333,20633,1,0.992849,0.955039,1
1334,20638,1,0.995932,0.893973,1
1334,20639,1,0.971658,0.579721,1
1334,20641,1,0.971982,0.878361,1
1334,20642,1,1.0,0.87568,1
1334,20643,1,1.0,0.783962,1
1334,20644,1,0.922592,0.803285,1
1334,20646,1,0.93182,0.82779,1
1335,20649,1,1.0,0.912135,1
1334,20645,1,1.0,0.791359,1
1336,20652,1,0.844759,0.842629,1
1336,20657,1,1.0,0.693513,1
1336,20659,1,0.808093,0.752693,1
1337,20671,1,1.0,0.410163,1
1337,20674,1,1.0,0.738074,1
1338,20680,1,0.738458,0.542851,1
1338,20684,1,1.0,0.525875,1
1338,20689,1,0.889581,0.952636,1
1339,20692,1,0.681393,0.8843,1
1339,20695,1,0.904735,0.643323,1
1339,20696,1,1.0,0.31458,1
1339,20699,1,0.962627,0.843369,1
1339,20700,1,0.98127,0.711908,1
1339,20701,1,1.0,0.654386,1
1340,20705,1,0.846353,0.774255,1
1340,20706,1,0.861063,0.773004,1
1340,20711,1,0.951388,0.764852,1
1340,20712,1,1.0,0.78932,1
1341,20713,1,1.0,0.683077,1
1341,20716,1,0.984029,0.943393,1
1341,20719,1,1.0,0.913626,1
1341,20721,1,0.537116,0.536572,1
1341,20720,1,0.956126,0.920786,1
1341,20730,1,0.819198,0.651429,1
1342,20734,1,1.0,0.904868,1
1342,20735,1,1.0,0.909868,1
1342,20738,1,1.0,0.960853,1
1343,20742,1,0.74695,0.518334,1
1343,20741,1,0.985782,0.869635,1
1343,20744,1,0.995307,0.914429,1
1344,20754,1,1.0,0.806968,1
1344,20759,1,1.0,0.786482,1
1344,20758,1,0.890284,0.531221,1
1344,20761,1,1.0,0.930739,1
1344,20760,1,1.0,0.842837,1
1344,20762,1,1.0,0.832754,1
1344,20764,1,1.0,0.982031,1
1344,20765,1,1.0,0.982395,1
1345,20767,1,0.823281,0.659429,1
1345,20770,1,0.830647,0.947353,1
1345,20774,1,0.850073,0.763135,1
1345,20778,1,1.0,0.91272,1
1346,20781,1,1.0,0.723866,1
1346,20786,1,1.0,0.794313,1
1346,20788,1,1.0,0.74025,1
1346,20787,1,0.977514,0.576283,1
1346,20790,1,1.0,0.917634,1
1346,20794,1,0.913872,0.933798,1
1346,20796,1,0.897896,0.886892,1
1346,20798,1,0.931403,0.861566,1
1347,20802,1,0.968869,0.849277,1
1347,20807,1,0.659466,0.513046,1
1347,20814,1,0.792969,0.780107,1
1347,20817,1,0.798916,0.728753,1
1347,20816,1,0.916889,0.785635,1
1348,20821,1,0.878025,0.932468,1
1348,20823,1,0.996674,0.965523,1
1349,20831,1,0.936617,0.85684,1
1349,20835,1,1.0,0.694166,1
1349,20837,1,0.933222,0.94275,1
1350,20843,1,0.695896,0.777764,1
1351,20853,1,0.952844,0.708209,1
1351,20856,1,1.0,0.900324,1
1352,20873,1,0.748365,0.800186,1
1353,20877,1,1.0,0.82575,1
1353,20878,1,1.0,0.911162,1
1353,20879,1,1.0,0.455844,1
1353,20880,1,0.772813,0.636521,1
1353,20882,1,1.0,0.802272,1
1353,20883,1,0.873516,0.805123,1
1353,20886,1,0.744067,0.745403,1
1354,20900,1,0.714144,0.460098,1
1355,20905,1,1.0,0.729514,1
1355,20906,1,0.984836,0.685019,1
1355,20911,1,0.985466,0.831196,1
1355,20918,1,0.878427,0.710138,1
1356,20923,1,0.719061,0.789758,1
1356,20925,1,0.894995,0.792806,1
1356,20933,1,0.733812,0.669966,1
1357,20938,1,0.50659,0.327726,1
1356,20934,1,0.852101,0.759052,1
1357,20942,1,0.699556,0.614995,1
1358,20950,1,0.795994,0.759168,1
1358,20954,1,0.988008,0.819294,1
1358,20953,1,0.997292,0.950532,1
1358,20955,1,1.0,0.842573,1
1358,20956,1,1.0,0.825625,1
1358,20961,1,0.64369,0.54435,1
1359,20964,1,0.925644,0.790852,1
1359,20967,1,0.660273,0.452482,1
1359,20968,1,1.0,0.698097,1
1359,20972,1,0.633914,0.59534,1
1359,20971,1,0.789163,0.781179,1
1359,20970,1,0.978783,0.831302,1
1360,20973,1,1.0,0.898645,1
1360,20976,1,0.936566,0.827725,1
1361,20979,1,0.396236,0.890227,1
1361,20977,1,0.622588,0.829647,1
1361,20982,1,1.0,0.860704,1
1361,20984,1,1.0,0.636388,1
1361,20983,1,0.985578,0.976378,1
1361,20985,1,1.0,0.880219,1
1362,21001,1,0.610273,0.648273,1
1363,21013,1,0.949805,0.849793,1
1363,21014,1,0.987228,0.827512,1
1363,21017,1,0.996536,0.763103,1
1364,21027,1,0.790564,0.326659,1
1364,21031,1,0.941705,0.51959,1
1365,21042,1,0.484941,0.361567,1
1365,21047,1,1.0,0.962553,1
1365,21051,1,0.889689,0.813318,1
1366,21057,1,0.994964,0.422431,1
1366,21058,1,1.0,0.278778,1
1366,21061,1,0.992836,0.583176,1
1366,21060,1,0.997736,0.953822,1
1366,21063,1,0.981909,0.814391,1
1366,21064,1,0.98549,0.925099,1
1367,21078,1,0.858052,0.782646,1
1368,21086,1,1.0,0.994769,1
1368,21087,1,0.95907,0.884555,1
1369,21091,1,0.946328,0.964592,1
1369,21093,1,1.0,0.671576,1
1369,21098,1,0.99729,0.753334,1
1370,21101,1,0.932255,0.902348,1
1370,21104,1,1.0,0.835549,1
1370,21105,1,1.0,0.873442,1
1371,21110,1,0.933538,0.63607,1
1372,21123,1,1.0,0.838256,1
1372,21130,1,0.827818,0.871975,1
1373,21137,1,0.927588,0.654715,1
1373,21140,1,0.653571,0.787082,1
1373,21146,1,0.755883,0.688217,1
1373,21149,1,0.610283,0.533329,1
1374,21151,1,0.97092,0.856032,1
1374,21155,1,1.0,0.941799,1
1374,21160,1,1.0,0.920073,1
1374,21165,1,0.654933,0.654513,1
1374,21166,1,1.0,0.800241,1
1375,21169,1,0.519168,0.708464,1
1375,21171,1,0.993196,0.711579,1
1375,21177,1,0.988897,0.81108,1
1376,21180,1,0.658494,0.852277,1
1376,21187,1,0.433814,0.485106,1
1376,21194,1,0.886103,0.876743,1
1377,21196,1,1.0,0.952638,1
1377,21204,1,0.812544,0.74931,1
1377,21205,1,0.99368,0.82354,1
1377,21207,1,0.98873,0.841408,1
1377,21218,1,0.75978,0.782215,1
1378,21224,1,0.984296,0.785243,1
1377,21221,1,0.914701,0.863371,1
1378,21225,1,0.298964,0.119381,1
1378,21226,1,1.0,0.857422,1
1378,21227,1,0.713361,0.633827,1
1378,21228,1,0.994839,0.874235,1
1378,21230,1,0.934325,0.795844,1
1378,21234,1,0.929342,0.853359,1
1379,21238,1,0.897594,0.838325,1
1379,21243,1,0.997002,0.651637,1
1380,21255,1,0.580295,0.528143,1
1381,21265,1,0.987223,0.861587,1
1381,21271,1,0.868995,0.623809,1
1381,21272,1,0.995876,0.705205,1
1381,21274,1,0.851408,0.742349,1
1381,21280,1,0.860335,0.796963,1
1382,21283,1,0.737395,0.729868,1
1382,21281,1,1.0,0.953391,1
1382,21287,1,1.0,0.765158,1
1383,21291,1,0.995194,0.906708,1
1383,21293,1,0.76804,0.849792,1
1383,21295,1,1.0,0.79501,1
1383,21299,1,1.0,0.80684,1
1383,21302,1,1.0,0.852601,1
1383,21301,1,0.994874,0.811154,1
1383,21304,1,1.0,0.940357,1
1383,21303,1,0.995986,0.960714,1
1384,21307,1,0.996111,0.785194,1
1383,21305,1,0.994874,0.856702,1
1384,21308,1,1.0,0.731655,1
1384,21314,1,0.919937,0.705947,1
1384,21316,1,0.914163,0.792953,1
1384,21319,1,1.0,0.797079,1
1384,21322,1,1.0,0.697461,1
1384,21321,1,1.0,0.853364,1
1384,21324,1,0.997109,0.802559,1
1385,21327,1,1.0,0.912519,1
1385,21328,1,0.997207,0.37483,1
1384,21315,1,1.0,0.811642,1
1385,21330,1,1.0,0.704537,1
1385,21335,1,0.68909,0.819013,1
1385,21342,1,0.778177,0.934337,1
1385,21343,1,0.74803,0.911553,1
1385,21346,1,0.940318,0.608349,1
1385,21347,1,0.920602,0.44378,1
1386,21348,1,1.0,0.573193,1
1386,21349,1,1.0,0.914982,1
1386,21357,1,0.881271,0.922799,1
1387,21368,1,1.0,0.865301,1
1387,21369,1,1.0,0.894045,1
1387,21375,1,0.370884,0.534462,1
1389,21390,1,1.0,0.799481,1
1389,21391,1,1.0,0.937797,1
1389,21394,1,1.0,0.808796,1
1389,21395,1,0.965602,0.837643,1
1389,21399,1,0.810089,0.706678,1
1389,21402,1,0.985853,0.590253,1
1390,21403,1,0.851313,0.312963,1
1390,21411,1,1.0,0.725013,1
1391,21419,1,1.0,0.906383,1
1391,21420,1,1.0,0.764592,1
1391,21422,1,1.0,0.857255,1
1391,21427,1,0.588316,0.492731,1
1391,21431,1,0.511049,0.813905,1
1391,21428,1,1.0,0.867075,1
1392,21436,1,0.942867,0.811335,1
1392,21433,1,1.0,0.866651,1
1392,21440,1,1.0,0.936879,1
1392,21442,1,0.773925,0.705493,1
1393,21444,1,1.0,0.849689,1
1393,21445,1,1.0,0.581856,1
1393,21449,1,0.993254,0.984859,1
1393,21453,1,0.992204,0.970072,1
1394,21459,1,1.0,0.759477,1
1393,21456,1,0.842269,0.68927,1
1394,21460,1,0.943864,0.794462,1
1394,21465,1,0.982132,0.83706,1
1394,21470,1,1.0,0.540166,1
1394,21473,1,0.946619,0.800136,1
1394,21476,1,0.779049,0.614881,1
1395,21483,1,1.0,0.843425,1
1395,21484,1,0.900255,0.779064,1
1395,21487,1,0.885804,0.791073,1
1396,21491,1,0.988379,0.740219,1
1396,21500,1,0.912788,0.692839,1
1397,21504,1,0.966894,0.856163,1
1396,21503,1,0.935408,0.401347,1
1398,21514,1,0.994786,0.942397,1
1399,21527,1,1.0,0.321271,1
1399,21530,1,0.870016,0.835891,1
1399,21532,1,0.815375,0.764369,1
1400,21536,1,0.656829,0.530842,1
1400,21539,1,0.996232,0.816739,1
1400,21537,1,1.0,0.714076,1
1400,21538,1,1.0,0.474236,1
1400,21540,1,0.996322,0.867022,1
1400,21545,1,0.658908,0.77567,1
1401,21548,1,1.0,0.729915,1
1401,21554,1,0.977831,0.823862,1
1401,21553,1,1.0,0.890114,1
1401,21555,1,0.974812,0.863931,1
1402,21562,1,1.0,0.858235,1
1402,21566,1,0.898564,0.908453,1
1402,21569,1,0.90209,0.780783,1
1402,21570,1,0.992923,0.690727,1
1402,21573,1,0.888139,0.738676,1
1402,21574,1,0.897162,0.930208,1
1403,21583,1,0.772385,0.577287,1
1403,21586,1,0.786742,0.496265,1
1403,21585,1,1.0,0.859049,1
1403,21588,1,0.859103,0.886811,1
1403,21589,1,0.840981,0.908902,1
1403,21587,1,0.937112,0.820479,1
1404,21594,1,1.0,0.8172,1
1404,21602,1,0.784006,0.457731,1
1404,21605,1,0.724816,0.702248,1
1404,21610,1,0.792059,0.707348,1
1404,21611,1,0.401812,0.352182,1
1404,21612,1,0.522512,0.271192,1
1404,21614,1,0.928883,0.775059,1
1405,21619,1,0.953097,0.592002,1
1405,21623,1,0.720297,0.710258,1
1405,21624,1,0.727428,0.754793,1
1405,21626,1,0.745322,0.673469,1
1405,21629,1,0.903643,0.967172,1
1406,21637,1,1.0,0.884077,1
1406,21638,1,1.0,0.966928,1
1408,21663,1,1.0,0.969423,1
1408,21664,1,1.0,0.555337,1
1408,21665,1,1.0,0.836313,1
1408,21667,1,1.0,0.784214,1
1408,21669,1,1.0,0.86841,1
1408,21678,1,1.0,0.564901,1
1409,21680,1,0.994655,0.848433,1
1409,21686,1,1.0,0.583931,1
1409,21687,1,0.869675,0.79842,1
1410,21693,1,1.0,0.83677,1
1410,21695,1,0.924036,0.740485,1
1410,21694,1,0.99542,0.822061,1
1411,21705,1,0.712375,0.525117,1
1411,21706,1,0.714076,0.704952,1
1411,21713,1,0.972849,0.810077,1
1411,21714,1,0.951414,0.851449,1
1412,21717,1,0.925473,0.851625,1
1412,21716,1,0.990952,0.929093,1
1412,21721,1,0.73245,0.596185,1
1412,21719,1,0.858915,0.821399,1
1412,21726,1,0.618162,0.460983,1
1412,21727,1,1.0,0.720309,1
1412,21729,1,0.578777,0.577317,1
1413,21736,1,1.0,0.866489,1
1413,21743,1,0.868419,0.847983,1
1414,21745,1,0.868261,0.868577,1
1414,21754,1,1.0,0.775699,1
1414,21755,1,1.0,0.812597,1
1414,21760,1,1.0,0.87652,1
1414,21761,1,1.0,0.732287,1
1415,21762,1,0.992572,0.845439,1
1415,21765,1,1.0,0.57639,1
1415,21768,1,1.0,0.913533,1
1415,21769,1,1.0,0.910388,1
1415,21770,1,1.0,0.873225,1
1415,21772,1,1.0,0.925546,1
1415,21775,1,0.940335,0.88578,1
1415,21771,1,1.0,0.678599,1
1415,21778,1,0.969941,0.862752,1
1415,21777,1,0.995781,0.806082,1
1415,21780,1,0.973708,0.895949,1
1415,21781,1,0.974817,0.901348,1
1416,21785,1,0.681603,0.509159,1
1416,21789,1,0.777647,0.366458,1
1416,21790,1,1.0,0.568478,1
1416,21793,1,0.830201,0.556271,1
1417,21795,1,1.0,0.889114,1
1417,21796,1,1.0,0.869596,1
1416,21794,1,0.808892,0.792839,1
1417,21801,1,0.629464,0.361623,1
1417,21802,1,1.0,0.908159,1
1417,21811,1,0.963965,0.733196,1
1418,21821,1,0.948319,0.939908,1
1418,21825,1,0.526166,0.841274,1
1418,21827,1,0.649319,0.821154,1
1419,21835,1,0.997119,0.927678,1
1419,21838,1,0.935266,0.942831,1
1420,21841,1,0.934625,0.664465,1
1420,21843,1,0.931781,0.330376,1
1420,21848,1,1.0,0.828609,1
1420,21853,1,0.995418,0.966277,1
1421,21854,1,0.877911,0.797713,1
1421,21856,1,1.0,0.959672,1
1421,21860,1,1.0,0.878503,1
1421,21865,1,1.0,0.853207,1
1422,21874,1,1.0,0.64478,1
1422,21882,1,0.934089,0.502011,1
1422,21886,1,1.0,0.833055,1
1423,21889,1,0.978376,0.294527,1
1423,21890,1,0.683123,0.734329,1
1423,21891,1,0.975792,0.23478,1
1423,21893,1,1.0,0.914348,1
1423,21892,1,1.0,0.260714,1
1423,21899,1,1.0,0.819125,1
1423,21898,1,1.0,0.776731,1
1424,21911,1,1.0,0.87862,1
1425,21920,1,1.0,0.618197,1
1426,21929,1,0.918168,0.661978,1
1426,21930,1,0.978832,0.713327,1
1426,21934,1,1.0,0.862843,1
1426,21935,1,0.909559,0.687608,1
1426,21936,1,0.889579,0.611941,1
1427,21940,1,0.982536,0.630003,1
1427,21939,1,0.617754,0.878818,1
1427,21938,1,0.911403,0.689363,1
1427,21944,1,0.904092,0.839275,1
1428,21945,1,0.987163,0.95671,1
1428,21948,1,0.443428,0.268238,1
1428,21950,1,0.939525,0.879626,1
1428,21952,1,0.968489,0.906741,1
1429,21959,1,1.0,0.988482,1
1429,21961,1,1.0,0.662602,1
1429,21960,1,0.242078,0.382031,1
1429,21962,1,1.0,0.94833,1
1430,21967,1,1.0,0.864453,1
1430,21969,1,1.0,0.865131,1
1430,21975,1,0.692274,0.62353,1
1430,21977,1,1.0,0.917477,1
1431,21982,1,0.915661,0.748305,1
1432,21990,1,0.899379,0.49564,1
1433,21995,1,0.919673,0.505018,1
1433,22000,1,0.989529,0.863412,1
1434,22004,1,0.981272,0.856604,1
1434,22005,1,1.0,0.820212,1
1434,22007,1,0.996591,0.927684,1
1434,22009,1,0.993561,0.896391,1
1434,22013,1,0.951163,0.80375,1
1434,22017,1,0.94392,0.860115,1
1434,22016,1,0.922493,0.617875,1
1435,22021,1,1.0,0.845189,1
1435,22022,1,1.0,0.801694,1
1435,22023,1,1.0,0.402079,1
1435,22032,1,0.818502,0.694318,1
1435,22033,1,0.802875,0.80708,1
1435,22035,1,0.877496,0.778015,1
1436,22038,1,0.989151,0.800435,1
1436,22040,1,1.0,0.774459,1
1436,22043,1,0.940114,0.557183,1
1436,22042,1,1.0,0.535211,1
1436,22046,1,1.0,0.607731,1
1437,22052,1,0.907662,0.758111,1
1437,22054,1,1.0,0.352463,1
1437,22055,1,1.0,0.722126,1
1437,22056,1,0.944973,0.948538,1
1437,22057,1,0.987649,0.903267,1
1438,22075,1,0.984485,0.85169,1
1438,22081,1,0.979787,0.872447,1
1438,22084,1,0.904464,0.738507,1
1439,22086,1,0.977501,0.903773,1
1439,22087,1,0.934002,0.758905,1
1438,22085,1,0.936763,0.818854,1
1439,22088,1,0.938888,0.34521,1
1439,22090,1,0.867554,0.801674,1
1439,22094,1,0.711074,0.716962,1
1439,22098,1,0.826241,0.592376,1
1440,22104,1,0.954906,0.912959,1
1440,22105,1,1.0,0.973313,1
1440,22108,1,0.786506,0.898311,1
1440,22110,1,1.0,0.421406,1
1440,22111,1,1.0,0.621544,1
1440,22114,1,1.0,0.64622,1
1440,22113,1,0.842802,0.671673,1
1440,22112,1,0.940157,0.909449,1
1440,22115,1,1.0,0.514185,1
1440,22117,1,0.957164,0.462599,1
1440,22116,1,1.0,0.501086,1
1440,22118,1,1.0,0.681722,1
1440,22119,1,0.980435,0.76321,1
1440,22122,1,1.0,0.837868,1
1440,22124,1,1.0,0.91601,1
1440,22125,1,0.801512,0.799038,1
1440,22126,1,0.713057,0.872937,1
1440,22128,1,0.93901,0.679396,1
1441,22129,1,0.790161,0.758089,1
1441,22133,1,0.929678,0.794122,1
1441,22134,1,0.925532,0.872346,1
1442,22146,1,0.956427,0.878275,1
1443,22154,1,0.624527,0.505483,1
1443,22155,1,0.796743,0.722213,1
1443,22156,1,0.984181,0.701228,1
1443,22160,1,1.0,0.802809,1
1444,22161,1,0.976416,0.797156,1
1444,22170,1,0.963332,0.877926,1
1444,22172,1,0.994952,0.916304,1
1445,22173,1,1.0,0.747663,1
1445,22174,1,0.988488,0.759744,1
1445,22182,1,0.980558,0.783643,1
1445,22183,1,0.92791,0.855443,1
1445,22181,1,0.986567,0.900778,1
1446,22191,1,0.927497,0.918789,1
1446,22194,1,0.986642,0.923962,1
1446,22193,1,0.972045,0.901125,1
1446,22187,1,1.0,0.903127,1
1446,22195,1,0.863734,0.877908,1
1446,22196,1,0.943685,0.857699,1
1446,22199,1,0.922225,0.899831,1
1446,22200,1,0.935108,0.984221,1
1446,22201,1,0.848661,0.671142,1
1447,22202,1,0.983161,0.793276,1
1447,22206,1,0.956923,0.832182,1
1447,22205,1,0.696016,0.731882,1
1448,22210,1,0.971606,0.88868,1
1448,22211,1,0.798972,0.681612,1
1448,22213,1,0.861614,0.872413,1
1448,22215,1,0.947338,0.512955,1
1449,22225,1,0.903525,0.864578,1
1449,22228,1,0.962146,0.729595,1
1449,22231,1,0.850606,0.717534,1
1449,22237,1,1.0,0.842738,1
1449,22238,1,0.661007,0.546698,1
1450,22241,1,0.99147,0.632592,1
1450,22242,1,0.967136,0.769774,1
1450,22245,1,0.998224,0.679664,1
1450,22247,1,0.801574,0.809249,1
1451,22248,1,0.998297,0.965247,1
1451,22253,1,0.888301,0.775086,1
1452,22259,1,0.258272,0.142872,1
1452,22261,1,1.0,0.406994,1
1453,22269,1,1.0,0.510687,1
1453,22271,1,0.985495,0.943117,1
1454,22279,1,1.0,0.886626,1
1454,22281,1,0.995721,0.417987,1
1453,22278,1,0.987542,0.917187,1
1454,22283,1,1.0,0.859645,1
1455,22290,1,1.0,0.741562,1
1456,22300,1,0.74376,0.675914,1
1456,22301,1,0.856423,0.793933,1
1456,22305,1,0.997199,0.925454,1
1457,22309,1,0.996245,0.820419,1
1457,22310,1,0.61252,0.485245,1
1457,22312,1,0.355223,0.411026,1
1457,22314,1,1.0,0.633247,1
1457,22319,1,0.93641,0.753667,1
1458,22325,1,1.0,0.705188,1
1458,22330,1,0.806411,0.838269,1
1459,22332,1,0.901102,0.804028,1
1459,22333,1,1.0,0.595768,1
1459,22335,1,1.0,0.59538,1
1459,22337,1,0.924863,0.884224,1
1460,22342,1,0.89184,0.954225,1
1460,22346,1,0.99356,0.646063,1
1461,22352,1,0.865614,0.241823,1
1461,22363,1,1.0,0.930232,1
1461,22364,1,1.0,0.902691,1
1461,22365,1,1.0,0.850703,1
1461,22366,1,0.975191,0.767622,1
1462,22367,1,0.76852,0.737547,1
1462,22369,1,1.0,0.941209,1
1462,22370,1,0.996857,0.966435,1
1462,22371,1,0.788416,0.772971,1
1462,22373,1,1.0,0.945006,1
1463,22389,1,0.498284,0.335671,1
1464,22390,1,0.956646,0.780328,1
1464,22395,1,0.984581,0.51146,1
1464,22398,1,0.971727,0.987739,1
1464,22400,1,1.0,0.938889,1
1465,22406,1,1.0,0.669816,1
1465,22408,1,0.957156,0.687333,1
1466,22413,1,1.0,0.703988,1
1466,22415,1,0.400719,0.307158,1
1466,22417,1,0.976555,0.857034,1
1466,22418,1,0.995362,0.90515,1
1466,22416,1,1.0,0.558715,1
1466,22421,1,0.994522,0.484905,1
1466,22424,1,0.989762,0.873161,1
1467,22430,1,0.955299,0.283931,1
1467,22433,1,0.94175,0.739987,1
1467,22437,1,0.748632,0.869641,1
1467,22442,1,0.566427,0.36108,1
1469,22454,1,1.0,0.647019,1
1469,22456,1,0.790484,0.799998,1
1470,22465,1,1.0,0.801559,1
1470,22467,1,0.925739,0.811376,1
1470,22471,1,1.0,0.75987,1
1470,22470,1,1.0,0.892919,1
1469,22463,1,0.814262,0.712597,1
1470,22473,1,1.0,0.874443,1
1470,22472,1,0.925416,0.83598,1
1470,22474,1,1.0,0.858401,1
1470,22475,1,1.0,0.897787,1
1470,22478,1,1.0,0.867609,1
1470,22479,1,0.946507,0.745336,1
1471,22481,1,0.704324,0.79068,1
1471,22482,1,0.904571,0.699155,1
1471,22483,1,1.0,0.838534,1
1471,22487,1,0.605396,0.296125,1
1471,22490,1,0.514303,0.522636,1
1471,22492,1,0.687183,0.498678,1
1472,22494,1,1.0,0.881838,1
1472,22495,1,0.877839,0.883364,1
1472,22496,1,1.0,0.847835,1
1472,22497,1,1.0,0.880169,1
1472,22500,1,0.973708,0.839283,1
1472,22504,1,0.942319,0.85906,1
1473,22506,1,0.657152,0.678702,1
1472,22505,1,1.0,0.839986,1
1473,22507,1,0.992996,0.749694,1
1474,22510,1,1.0,0.870803,1
1474,22511,1,0.911458,0.858019,1
1473,22509,1,0.98494,0.859456,1
1474,22516,1,0.991342,0.541361,1
1474,22517,1,0.980587,0.632619,1
1474,22518,1,1.0,0.62557,1
1474,22520,1,0.651059,0.52352,1
1474,22522,1,0.93253,0.723676,1
1475,22528,1,1.0,0.862537,1
1476,22541,1,0.998474,0.475631,1
1476,22543,1,0.519775,0.919286,1
1476,22544,1,1.0,0.741867,1
1476,22546,1,0.942238,0.765282,1
1477,22551,1,0.838244,0.522372,1
1477,22555,1,0.942119,0.625163,1
1477,22558,1,0.929542,0.742045,1
1477,22559,1,1.0,0.747848,1
1478,22560,1,1.0,0.820378,1
1478,22571,1,0.8927,0.912907,1
1478,22576,1,0.877717,0.788069,1
1479,22577,1,1.0,0.625436,1
1479,22581,1,1.0,0.833002,1
1479,22579,1,0.97965,0.893679,1
1479,22583,1,0.984059,0.909014,1
1480,22587,1,0.978858,0.814996,1
1480,22588,1,0.939237,0.820085,1
1480,22591,1,0.928836,0.57247,1
1480,22593,1,0.880144,0.851804,1
1480,22592,1,0.879625,0.689107,1
1480,22594,1,0.855446,0.722097,1
1481,22596,1,0.914316,0.855991,1
1481,22597,1,1.0,0.598952,1
1481,22602,1,1.0,0.755798,1
1481,22611,1,0.959057,0.808453,1
1482,22615,1,0.794993,0.751467,1
1482,22618,1,0.800133,0.483112,1
1483,22626,1,0.493917,0.444812,1
1483,22627,1,1.0,0.822436,1
1483,22633,1,0.665375,0.573594,1
1484,22635,1,1.0,0.452202,1
1484,22636,1,0.967263,0.337934,1
1484,22640,1,0.953297,0.905042,1
1485,22664,1,0.814254,0.694211,1
1486,22665,1,1.0,0.791275,1
1486,22670,1,1.0,0.833215,1
1487,22693,1,0.831553,0.620908,1
1488,22696,1,0.880789,0.788044,1
1488,22699,1,0.833838,0.629577,1
1488,22700,1,0.823603,0.482673,1
1489,22702,1,0.771265,0.696105,1
1489,22706,1,0.954664,0.857624,1
1489,22707,1,0.942307,0.586247,1
1489,22708,1,0.990197,0.769551,1
1490,22711,1,0.724696,0.891134,1
1490,22720,1,0.983661,0.714691,1
1491,22721,1,1.0,0.877168,1
1491,22722,1,0.765629,0.597695,1
1491,22724,1,1.0,0.552867,1
1491,22725,1,0.847142,0.711045,1
1490,22719,1,1.0,0.771079,1
1491,22728,1,0.749866,0.711175,1
1493,22746,1,1.0,0.782719,1
1493,22745,1,1.0,0.719646,1
1496,22773,1,0.766826,0.569363,1
1496,22778,1,0.788863,0.812775,1
1496,22780,1,0.896948,0.83544,1
1496,22782,1,0.681765,0.586052,1
1497,22784,1,1.0,0.837472,1
1497,22783,1,0.996206,0.786887,1
1497,22786,1,1.0,0.867677,1
1497,22785,1,1.0,0.879227,1
1497,22789,1,0.824074,0.515495,1
1497,22790,1,1.0,0.875581,1
1497,22793,1,0.830701,0.864758,1
1497,22797,1,0.71518,0.721956,1
1497,22798,1,0.773071,0.594492,1
1498,22803,1,1.0,0.744313,1
1499,22811,1,1.0,0.763518,1
1499,22814,1,1.0,0.858088,1
1499,22819,1,0.988728,0.949359,1
1499,22822,1,0.888167,0.785286,1
1499,22823,1,1.0,0.77309,1
1500,22828,1,0.942847,0.84533,1
1500,22836,1,0.996063,0.690904,1
1501,22844,1,0.847639,0.792567,1
1501,22845,1,0.603997,0.266443,1
1502,22861,1,0.92399,0.827341,1
1502,22862,1,0.725605,0.405833,1
1502,22865,1,0.938447,0.544727,1
1502,22866,1,0.970959,0.838845,1
1503,22869,1,1.0,0.886536,1
1503,22874,1,1.0,0.84683,1
1504,22878,1,1.0,0.640362,1
1504,22884,1,0.837386,0.715815,1
1504,22888,1,0.736929,0.926206,1
1505,22893,1,0.952118,0.859116,1
1505,22891,1,1.0,0.803185,1
1505,22897,1,1.0,0.910415,1
1505,22900,1,0.721819,0.910627,1
1506,22907,1,0.953044,0.751418,1
1506,22908,1,0.997794,0.94331,1
1506,22911,1,0.881955,0.85306,1
1506,22913,1,0.988727,0.828621,1
1507,22921,1,0.937119,0.654142,1
1507,22924,1,0.932665,0.784263,1
1507,22927,1,0.98905,0.895294,1
1508,22928,1,0.993545,0.845115,1
1508,22929,1,0.89607,0.851495,1
1508,22931,1,0.610838,0.806295,1
1508,22934,1,0.991194,0.908712,1
1508,22935,1,1.0,0.797577,1
1508,22943,1,0.66603,0.812416,1
1509,22947,1,1.0,0.810888,1
1509,22952,1,1.0,0.900715,1
1510,22957,1,1.0,0.895073,1
1510,22958,1,0.892677,0.74707,1
1510,22963,1,0.88912,0.847584,1
1510,22964,1,1.0,0.894608,1
1510,22965,1,0.942845,0.969196,1
1510,22967,1,0.990874,0.95881,1
1510,22970,1,0.99397,0.956078,1
1510,22971,1,0.951783,0.953985,1
1510,22968,1,0.994312,0.971409,1
1510,22972,1,0.875635,0.770581,1
1511,22974,1,1.0,0.569152,1
1511,22977,1,1.0,0.731173,1
1511,22981,1,1.0,0.945927,1
1511,22980,1,1.0,0.958635,1
1511,22990,1,0.919783,0.864086,1
1511,22991,1,0.750747,0.538815,1
1512,22994,1,0.979152,0.874839,1
1512,22995,1,0.982468,0.806293,1
1512,23001,1,1.0,0.873867,1
1512,23000,1,0.994987,0.794185,1
1512,23002,1,1.0,0.909899,1
1512,23005,1,1.0,0.89706,1
1512,23010,1,1.0,0.696736,1
1513,23020,1,0.322985,0.808434,1
1513,23021,1,0.859821,0.753488,1
1513,23024,1,0.273679,0.249632,1
1514,23025,1,1.0,0.890611,1
1514,23028,1,1.0,0.513949,1
1514,23029,1,0.594472,0.548585,1
1514,23031,1,1.0,0.859735,1
1514,23033,1,0.932015,0.707845,1
1514,23038,1,0.995111,0.875758,1
1514,23039,1,0.783679,0.752892,1
1515,23041,1,0.929155,0.877639,1
1515,23042,1,1.0,0.853604,1
1515,23047,1,1.0,0.71577,1
1515,23049,1,1.0,0.481288,1
1515,23050,1,1.0,0.499387,1
1516,23054,1,0.973958,0.887403,1
1516,23055,1,0.963169,0.850894,1
1516,23062,1,0.987313,0.964642,1
1517,23076,1,0.74909,0.742839,1
1517,23081,1,0.988158,0.988332,1
1518,23091,1,0.964976,0.543656,1
1518,23093,1,1.0,0.944452,1
1519,23097,1,0.544406,0.750297,1
1519,23103,1,0.922938,0.866697,1
1519,23102,1,0.80946,0.779685,1
1520,23110,1,0.962127,0.976193,1
1520,23112,1,0.975031,0.683441,1
1520,23114,1,0.78277,0.679278,1
1521,23119,1,0.532185,0.489302,1
1522,23131,1,1.0,0.850887,1
1521,23130,1,0.901884,0.925421,1
1522,23132,1,0.996298,0.673251,1
1522,23135,1,1.0,0.625162,1
1522,23138,1,1.0,0.788163,1
1522,23137,1,0.876682,0.471335,1
1522,23141,1,0.720913,0.674299,1
1522,23149,1,0.578619,0.57797,1
1523,23152,1,0.886511,0.847918,1
1523,23159,1,1.0,0.946476,1
1524,23170,1,0.917137,0.90471,1
1525,23175,1,1.0,0.549518,1
1525,23179,1,0.83715,0.791889,1
1525,23182,1,0.85553,0.752813,1
1525,23183,1,0.507834,0.896172,1
1526,23188,1,0.935111,0.757778,1
1526,23195,1,1.0,0.853498,1
1526,23196,1,0.970134,0.854741,1
1527,23208,1,0.800399,0.595057,1
1528,23213,1,1.0,0.921798,1
1528,23215,1,1.0,0.419908,1
1528,23220,1,1.0,0.57407,1
1528,23224,1,1.0,0.855946,1
1528,23226,1,0.991991,0.877191,1
1529,23228,1,1.0,0.794258,1
1529,23232,1,0.996031,0.336293,1
1529,23235,1,0.635649,0.940019,1
1529,23236,1,1.0,0.935345,1
1530,23241,1,1.0,0.672334,1
1530,23242,1,0.84697,0.701135,1
1530,23243,1,0.743539,0.669841,1
1530,23248,1,0.700595,0.693833,1
1531,23250,1,0.986071,0.842416,1
1531,23251,1,0.986912,0.833198,1
1531,23252,1,0.984877,0.772066,1
1531,23253,1,0.921648,0.861977,1
1531,23254,1,0.978054,0.815477,1
1531,23256,1,0.950255,0.721449,1
1531,23259,1,0.955529,0.725016,1
1531,23260,1,0.965184,0.878077,1
